station_name,date,period,period_utc,tm,tx,tn,hr,ppt,vvm,dvm,vvx,pm,rs
Girona,2026-08-27,00:00 - 00:30,00:00 - 00:30,23.6,23.9,23.1,87.0,0.0,2.9,202.0,6.5,1011.5,0.0
Girona,2026-08-27,00:30 - 01:00,00:30 - 01:00,23.2,23.5,22.4,85.0,0.0,2.5,236.0,7.2,1011.0,0.0
Girona,2026-08-27,01:00 - 01:30,01:00 - 01:30,21.9,22.5,21.4,88.0,0.0,1.8,171.0,6.8,1010.6,0.0
Girona,2026-08-27,01:30 - 02:00,01:30 - 02:00,21.4,21.6,21.2,94.0,0.0,2.9,201.0,6.5,1010.0,0.0
Girona,2026-08-27,02:00 - 02:30,02:00 - 02:30,21.5,22.8,20.9,95.0,0.0,4.0,171.0,10.1,1009.8,0.0
Girona,2026-08-27,02:30 - 03:00,02:30 - 03:00,22.8,23.1,21.6,84.0,0.0,2.9,200.0,7.9,1009.6,0.0
Girona,2026-08-27,03:00 - 03:30,03:00 - 03:30,21.4,22.5,21.0,95.0,0.0,3.6,206.0,13.0,1009.6,0.0
Girona,2026-08-27,03:30 - 04:00,03:30 - 04:00,22.6,22.9,22.2,90.0,0.0,3.6,192.0,13.0,1009.6,0.0
Girona,2026-08-27,04:00 - 04:30,04:00 - 04:30,22.0,22.4,21.8,93.0,0.0,4.7,229.0,10.1,1009.7,0.0
Girona,2026-08-27,04:30 - 05:00,04:30 - 05:00,21.4,22.4,20.4,92.0,0.0,2.5,282.0,11.5,1009.9,0.0
Girona,2026-08-27,05:00 - 05:30,05:00 - 05:30,20.2,20.4,20.1,100.0,0.0,2.2,270.0,6.5,1010.2,8.0
Girona,2026-08-27,05:30 - 06:00,05:30 - 06:00,20.4,21.1,20.2,99.0,0.0,2.5,169.0,5.4,1010.2,45.0
Girona,2026-08-27,06:00 - 06:30,06:00 - 06:30,21.8,22.8,21.1,91.0,0.0,1.4,250.0,4.7,1010.4,120.0
Girona,2026-08-27,06:30 - 07:00,06:30 - 07:00,24.3,26.3,22.8,81.0,0.0,1.4,290.0,4.7,1010.3,206.0
Girona,2026-08-27,07:00 - 07:30,07:00 - 07:30,27.0,27.5,26.4,72.0,0.0,6.1,169.0,15.5,1010.5,306.0
Girona,2026-08-27,07:30 - 08:00,07:30 - 08:00,28.1,28.9,27.3,70.0,0.0,6.1,171.0,15.8,1010.6,393.0
Girona,2026-08-27,08:00 - 08:30,08:00 - 08:30,29.6,30.1,29.0,66.0,0.0,10.4,188.0,25.6,1010.6,487.0
Girona,2026-08-27,08:30 - 09:00,08:30 - 09:00,30.1,30.7,29.7,64.0,0.0,11.2,182.0,27.0,1010.8,461.0
Girona,2026-08-27,09:00 - 09:30,09:00 - 09:30,30.5,31.3,29.6,63.0,0.0,12.2,198.0,26.6,1011.0,627.0
Girona,2026-08-27,09:30 - 10:00,09:30 - 10:00,31.6,32.7,30.9,57.0,0.0,9.7,188.0,21.2,1010.6,579.0
Girona,2026-08-27,10:00 - 10:30,10:00 - 10:30,32.9,33.7,32.5,46.0,0.0,11.2,190.0,24.5,1010.4,772.0
Girona,2026-08-27,10:30 - 11:00,10:30 - 11:00,33.5,34.0,33.1,40.0,0.0,15.5,197.0,34.9,1010.0,814.0
Girona,2026-08-27,11:00 - 11:30,11:00 - 11:30,33.7,34.0,33.3,43.0,0.0,16.9,173.0,31.7,1009.3,810.0
Girona,2026-08-27,11:30 - 12:00,11:30 - 12:00,33.8,34.3,33.4,44.0,0.0,16.6,172.0,37.1,1009.0,825.0
Girona,2026-08-27,12:00 - 12:30,12:00 - 12:30,33.9,34.5,33.4,46.0,0.0,17.3,169.0,36.4,1008.7,818.0
Girona,2026-08-27,12:30 - 13:00,12:30 - 13:00,34.0,34.2,33.7,44.0,0.0,16.9,175.0,37.4,1008.6,812.0
Girona,2026-08-27,13:00 - 13:30,13:00 - 13:30,34.0,34.5,33.6,43.0,0.0,19.8,169.0,41.4,1008.6,775.0
Girona,2026-08-27,13:30 - 14:00,13:30 - 14:00,33.7,34.1,33.4,45.0,0.0,19.8,173.0,44.3,1008.5,728.0
Girona,2026-08-27,14:00 - 14:30,14:00 - 14:30,33.8,34.2,33.5,45.0,0.0,18.4,181.0,38.9,1008.6,666.0
Girona,2026-08-27,14:30 - 15:00,14:30 - 15:00,33.3,33.8,32.9,45.0,0.0,19.1,178.0,41.8,1008.6,586.0
Girona,2026-08-27,15:00 - 15:30,15:00 - 15:30,32.9,33.2,32.4,43.0,0.0,18.4,186.0,40.3,1008.7,426.0
Girona,2026-08-27,15:30 - 16:00,15:30 - 16:00,32.9,33.1,32.5,39.0,0.0,19.4,192.0,43.2,1008.7,402.0
Girona,2026-08-27,16:00 - 16:30,16:00 - 16:30,32.1,32.7,31.8,38.0,0.0,15.5,193.0,34.6,1008.5,158.0
Girona,2026-08-27,16:30 - 17:00,16:30 - 17:00,31.4,31.9,30.7,43.0,0.0,15.5,184.0,45.7,1008.5,125.0
Girona,2026-08-27,17:00 - 17:30,17:00 - 17:30,30.3,30.7,29.9,49.0,0.0,14.0,190.0,33.1,1008.8,75.0
Girona,2026-08-27,17:30 - 18:00,17:30 - 18:00,29.3,29.9,28.7,52.0,0.0,11.9,188.0,30.2,1009.1,21.0
Girona,2026-08-27,18:00 - 18:30,18:00 - 18:30,28.5,28.7,28.3,54.0,0.0,12.6,193.0,31.0,1009.4,5.0
Girona,2026-08-27,18:30 - 19:00,18:30 - 19:00,28.0,28.3,27.8,56.0,0.0,7.9,188.0,23.0,1009.6,0.0
Girona,2026-08-27,19:00 - 19:30,19:00 - 19:30,27.8,27.9,27.3,55.0,0.0,5.0,174.0,16.2,1010.2,0.0
Girona,2026-08-27,19:30 - 20:00,19:30 - 20:00,27.1,27.3,27.0,58.0,0.0,10.1,145.0,21.2,1010.8,0.0
Girona,2026-08-27,20:00 - 20:30,20:00 - 20:30,26.8,27.0,26.7,58.0,0.0,6.8,161.0,20.2,1011.3,0.0
Girona,2026-08-27,20:30 - 21:00,20:30 - 21:00,26.6,26.7,26.5,59.0,0.0,4.7,183.0,14.4,1011.3,0.0
Girona,2026-08-27,21:00 - 21:30,21:00 - 21:30,26.4,26.5,26.1,62.0,0.0,4.7,192.0,13.0,1011.6,0.0
Girona,2026-08-27,21:30 - 22:00,21:30 - 22:00,25.9,26.3,25.1,63.0,0.0,4.0,276.0,9.7,1011.1,0.0
Girona,2026-08-27,22:00 - 22:30,22:00 - 22:30,25.0,25.2,24.7,65.0,0.0,3.2,144.0,10.8,1011.5,0.0
Girona,2026-08-27,22:30 - 23:00,22:30 - 23:00,25.8,26.0,25.2,61.0,0.0,6.5,178.0,11.2,1011.9,0.0
Girona,2026-08-27,23:00 - 23:30,23:00 - 23:30,26.1,26.6,25.9,57.0,0.0,5.4,176.0,18.7,1012.4,0.0
